ID,Elevation (m)
Lapse1,506.87
Lapse2, NA
Lapse3,664.4315757
Lapse4,1056.080463
Lapse5,1286.498019
Lapse6,1575.129534
Lapse7,1743.066138
